Source File	Size	loadResources	load	generateSnapshots	load-configure	scan	loadDepInfo	loadInfo	checkR4R4B	generateNarratives	validate	loadLists	checkConformanceResources	checkConformanceResources2	checkConformanceResources3	generateLogicalMaps	validateExpressions	scanForUsageStats	checkURLsUnique	processProvenanceDetails	translate	generate1	generate2	generateLogicals	makeDependencies	generateExampleZip	generateValidationPack	scanProfilesForR5	scanExamplesForR5
/fsh-generated/resources/ImplementationGuide-ihe.pharm.meow.test.json	4761	-	0	0	0	0	0	0	12	56	0	0	0	0	0	0	0	1	0	0	0	95	68	0	0	0	1	0	1
fsh-generated/resources/Binary-meow-client-gherkin-script.json	15864	12	0	0	1	0	0	0	0	0	0	0	0	0	0	0	0	0	0	0	0	34	19	0	0	0	0	0	0
fsh-generated/resources/Binary-meow-server-gherkin-script.json	18716	5	0	0	0	0	0	0	0	0	0	0	0	0	0	0	0	0	0	0	0	42	16	0	0	0	0	0	0
fsh-generated/resources/TestPlan-meow-client-tests.json	3925	3	0	0	0	0	0	0	3	133	0	0	0	0	0	0	0	0	0	0	0	27	30	0	0	0	0	0	0
fsh-generated/resources/TestPlan-meow-server-tests.json	6185	3	0	0	0	0	0	0	1	115	0	0	0	0	0	0	0	0	0	0	0	33	25	0	0	0	0	0	0
/fsh-generated/includes/menu.xml	1209	-	-	-	0	0	0	0	0	0	0	0	0	0	0	0	0	0	0	0	0	0	0	0	0	0	0	0	0
/fsh-generated/includes/fsh-link-references.md	243	-	-	-	0	0	0	0	0	0	0	0	0	0	0	0	0	0	0	0	0	0	1	0	0	0	0	0	0
/input/data/features.yml	5	-	-	-	0	0	0	0	0	0	0	0	0	0	0	0	0	0	0	0	0	0	0	0	0	0	0	0	0
/input/pagecontent/changes.xml	635	-	-	-	0	0	0	0	0	0	0	0	0	0	0	0	0	0	0	0	0	0	44	0	0	0	0	0	0
/input/pagecontent/index.md	3029	-	-	-	0	0	0	0	0	0	0	0	0	0	0	0	0	0	0	0	0	0	1	0	0	0	0	0	0
/input/pagecontent/downloads.xml	1287	-	-	-	0	0	0	0	0	0	0	0	0	0	0	0	0	0	0	0	0	0	31	0	0	0	0	0	0
/input/pagecontent/testing.md	5133	-	-	-	0	0	0	0	0	0	0	0	0	0	0	0	0	0	0	0	0	0	1	0	0	0	0	0	0
/template/config	0	-	-	-	0	0	0	0	0	0	0	0	0	0	0	0	0	0	0	0	0	0	0	0	0	0	0	0	0
/template/config/_config.yml	140	-	-	-	0	0	0	0	0	0	0	0	0	0	0	0	0	0	0	0	0	0	0	0	0	0	0	0	0
/input/images	0	-	-	-	0	0	0	0	0	0	0	0	0	0	0	0	0	0	0	0	0	0	0	0	0	0	0	0	0
/temp/pages/_includes/artifacts.xml	3757	-	-	-	-	-	-	-	-	-	-	-	-	-	-	-	-	-	-	-	-	-	1	0	0	0	0	0	0
